{"Lista":[{"pergunta":"No contexto de Vozes Verbais qual Voz é corresponde à seguinte frase: \n\"William Shakespeare escreveu a peça Sonho de uma noite de verão.\"","respostaCerta":"Voz Ativa","respostaErradaA":"Voz Passiva","respostaErradaB":"Voz Inativa","respostaErradaC":"Voz Reflexiva","qtdRespostas":4},{"pergunta":"Na Voz Passiva, o sujeito da oração é paciente, ou seja, o sujeito é quem sofre a ação verbal. \nCom isso, qual é a frase que possui a Voz Verbal mencionada?","respostaCerta":"O feitiço foi quebrado por ele.","respostaErradaA":"Ele quebrou o feitiço.","respostaErradaB":"Quebrou-se o feitiço.","respostaErradaC":"Ele desenfeitiçou-se.","qtdRespostas":4},{"pergunta":"A Voz Passiva pode se dividir em dois tipos, onde cada um deles possui uma relação e uma formação de frase diferente. \nSelecione o tipo que corresponde a Voz Passiva:","respostaCerta":"Analítica","respostaErradaA":"Quantitativa","respostaErradaB":"Qualitativa","respostaErradaC":"Reflexiva","qtdRespostas":4},{"pergunta":"Selecione qual Voz Verbal corresponde a seguinte frase:\n\"Ele embrenhou-se num espinheiro[...]\".","respostaCerta":"Voz Reflexiva","respostaErradaA":"Voz Ativa","respostaErradaB":"Voz Passiva","respostaErradaC":"Voz Inativa","qtdRespostas":4},{"pergunta":"A Voz Reflexiva pode ser recíproca, ou seja, se há mais de um sujeito na oração, todos recebem a ação ao mesmo tempo. \nAssim, qual frase representa essa reciprocidade?","respostaCerta":"Os três uniram-se para moldar essa mentira.","respostaErradaA":"Os feitiços foram quebrados por ele.","respostaErradaB":"William Shakespeare escreveu varias peças.","respostaErradaC":"Lisandro é amado por Hérmia.","qtdRespostas":4}]}