{"Lista":[{"pergunta":"O Verbo Transitivo Direto é sempre ligado a um Objeto Direto. \nSelecione a opção a seguir que completa corretamente a seguinte frase: \nJosé sentia ____________.","respostaCerta":"dores agudas","respostaErradaA":"da academia","respostaErradaB":"ao público","respostaErradaC":"Não possui Objeto","qtdRespostas":4},{"pergunta":"O Verbo Transitivo Indireto é sempre ligado a um Objeto Indireto. \nSelecione a opção a seguir que completa corretamente a seguinte frase: \nAmanda precisou ____________.","respostaCerta":"de dinheiro","respostaErradaA":"sair","respostaErradaB":"correr","respostaErradaC":"Não possui Objeto","qtdRespostas":4},{"pergunta":"O Verbo Bitransitivo pode ser ligado a Objetos Diretos e Indiretos. \nSelecione a seguir a opção que complete INCORRETAMENTE a seguinte frase: \nJoão procurou ___________.","respostaCerta":"Não possui Objeto","respostaErradaA":"as informações","respostaErradaB":"a mim","respostaErradaC":"as máscaras","qtdRespostas":4},{"pergunta":"\"O pássaro cantou\". \nA frase pode ser classificada como:","respostaCerta":"Verbo Intransitivo","respostaErradaA":"Verbo Transitivo Direto","respostaErradaB":"Verbo Bitransitivo","respostaErradaC":"Verbo de Ligação","qtdRespostas":4},{"pergunta":"Verbos de Ligação relacionam o sujeito a Predicativos do Sujeito.\nSelecione a opção que contenha um Verbo de Ligação:","respostaCerta":"Pedro era muito cruel.","respostaErradaA":"José sentia dores agudas.","respostaErradaB":"Amanda precisou de dinhero.","respostaErradaC":"O pássaro cantou.","qtdRespostas":4}]}