{"Lista":[{"pergunta":"No contexto de Vozes Verbais qual Voz é corresponde à seguinte frase: \n\"William Shakespeare escreveu a peça Sonho de uma noite de verão.\"","respostaCerta":"Voz Ativa","quantidadeErros":1},{"pergunta":"A Voz Reflexiva pode ser recíproca, ou seja, se há mais de um sujeito na oração, todos recebem a ação ao mesmo tempo. \nAssim, qual frase representa essa reciprocidade?","respostaCerta":"Os três uniram-se para moldar essa mentira.","quantidadeErros":1},{"pergunta":"Selecione qual Voz Verbal corresponde a seguinte frase:\n\"Ele embrenhou-se num espinheiro[...]\".","respostaCerta":"Voz Reflexiva","quantidadeErros":0},{"pergunta":"Na Voz Passiva, o sujeito da oração é paciente, ou seja, o sujeito é quem sofre a ação verbal. \nCom isso, qual é a frase que possui a Voz Verbal mencionada?","respostaCerta":"O feitiço foi quebrado por ele.","quantidadeErros":1},{"pergunta":"A Voz Passiva pode se dividir em dois tipos, onde cada um deles possui uma relação e uma formação de frase diferente. \nSelecione o tipo que corresponde a Voz Passiva:","respostaCerta":"Analítica","quantidadeErros":1}]}