{"Lista":[{"pergunta":"O Verbo Transitivo Direto é sempre ligado a um Objeto Direto. \nSelecione a opção a seguir que completa corretamente a seguinte frase: \nJosé sentia ____________.","respostaCerta":"dores agudas","quantidadeErros":0},{"pergunta":"O Verbo Transitivo Indireto é sempre ligado a um Objeto Indireto. \nSelecione a opção a seguir que completa corretamente a seguinte frase: \nAmanda precisou ____________.","respostaCerta":"de dinheiro","quantidadeErros":0},{"pergunta":"O Verbo Bitransitivo pode ser ligado a Objetos Diretos e Indiretos. \nSelecione a seguir a opção que complete INCORRETAMENTE a seguinte frase: \nJoão procurou ___________.","respostaCerta":"Não possui Objeto","quantidadeErros":1},{"pergunta":"\"O pássaro cantou\". \nA frase pode ser classificada como:","respostaCerta":"Verbo Intransitivo","quantidadeErros":1},{"pergunta":"Verbos de Ligação relacionam o sujeito a Predicativos do Sujeito.\nSelecione a opção que contenha um Verbo de Ligação:","respostaCerta":"Pedro era muito cruel.","quantidadeErros":1}]}